Date,Open,High,Low,Close,Volume,Open_interest,Delta,MaxDelta,MinDelta,CumDelta,CotHigh,CotLow,BuyVolume,SellVolume,Vwap,BuyVwap,SellVwap
Tue Sep 29 2026 09:15:00 GMT+0530 (India Standard Time),22755.5,22761.3,22712.3,22740.1,67925,8855860,-27105,3705,-31915,-27105,-30810,-5785,20410,47515,22737,22741,22736
Tue Sep 29 2026 09:16:00 GMT+0530 (India Standard Time),22735,22737.5,22716.7,22730,35555,8826350,-3315,6175,-3835,-30420,-1625,-130,16120,19435,22729,22731,22728
Tue Sep 29 2026 09:17:00 GMT+0530 (India Standard Time),22730,22733.8,22717.5,22722,22425,8822060,-8775,-520,-9295,-39195,-1495,-1040,6825,15600,22726,22729,22725
Tue Sep 29 2026 09:18:00 GMT+0530 (India Standard Time),22722.5,22724.5,22701,22701,18005,8807435,-3835,520,-6175,-43030,-130,-260,7085,10920,22715,22713,22716
Tue Sep 29 2026 09:19:00 GMT+0530 (India Standard Time),22702,22705.5,22692.6,22695,31720,8795540,-8580,4680,-8580,-51610,-10205,-8320,11570,20150,22699,22701,22697
Tue Sep 29 2026 09:20:00 GMT+0530 (India Standard Time),22694.5,22702,22686,22687.5,24115,8776495,5395,7735,-1105,-46215,-520,260,14755,9360,22699,22699,22699
Tue Sep 29 2026 09:21:00 GMT+0530 (India Standard Time),22686.5,22691,22680,22683.5,22555,8771295,-10595,-1690,-10595,-56810,-8450,-5200,5980,16575,22686,22688,22685
Tue Sep 29 2026 09:22:00 GMT+0530 (India Standard Time),22684,22684,22671.9,22683.6,27235,8766485,-3185,585,-10010,-59995,-3185,3640,12025,15210,22679,22681,22676
Tue Sep 29 2026 09:23:00 GMT+0530 (India Standard Time),22685,22695,22684,22694,26195,8749780,9165,10270,390,-50830,-325,8580,17680,8515,22690,22691,22689
Tue Sep 29 2026 09:24:00 GMT+0530 (India Standard Time),22694,22694,22685,22687.5,14365,8746725,2275,5070,-1950,-48555,2275,3250,8320,6045,22689,22690,22688
Tue Sep 29 2026 09:25:00 GMT+0530 (India Standard Time),22687.9,22688,22674.1,22679.9,20150,8740745,-2340,3640,-5720,-50895,-3445,-1235,8905,11245,22681,22684,22678
Tue Sep 29 2026 09:26:00 GMT+0530 (India Standard Time),22678,22680,22674,22674,13260,8736975,-2470,1755,-2470,-53365,-3835,-195,5395,7865,22677,22678,22675
Tue Sep 29 2026 09:27:00 GMT+0530 (India Standard Time),22674,22674,22663.5,22668,14820,8731645,-4940,-910,-5330,-58305,-4030,-1560,4940,9880,22669,22669,22669
Tue Sep 29 2026 09:28:00 GMT+0530 (India Standard Time),22668,22670,22649.2,22650,44525,8728915,715,9555,-4550,-57590,4160,-6240,22620,21905,22662,22665,22658
Tue Sep 29 2026 09:29:00 GMT+0530 (India Standard Time),22651.5,22654,22637.3,22642,13000,8730670,-6240,845,-6565,-63830,-6435,-1170,3380,9620,22647,22649,22647
Tue Sep 29 2026 09:30:00 GMT+0530 (India Standard Time),22645,22655,22640.5,22652.2,33605,8720010,16705,18980,0,-47125,260,16445,25155,8450,22648,22649,22647
Tue Sep 29 2026 09:31:00 GMT+0530 (India Standard Time),22650,22654.5,22635.5,22640,16575,8713770,-2795,260,-4810,-49920,-975,2015,6890,9685,22644,22645,22642
Tue Sep 29 2026 09:32:00 GMT+0530 (India Standard Time),22638.9,22645,22624.1,22625.5,25350,8697260,-4680,910,-8450,-54600,-5395,1430,10335,15015,22633,22635,22631
Tue Sep 29 2026 09:33:00 GMT+0530 (India Standard Time),22626.3,22640,22626.3,22630,20540,8675810,-4420,1365,-4615,-59020,-3055,-4420,8060,12480,22633,22634,22632
Tue Sep 29 2026 09:34:00 GMT+0530 (India Standard Time),22630,22640,22627.6,22630,15340,8668530,-6890,715,-7735,-65910,390,260,4225,11115,22629,22632,22628
Tue Sep 29 2026 09:35:00 GMT+0530 (India Standard Time),22639.2,22639.2,22615.3,22615.3,13195,8657610,-2535,2210,-2535,-68445,-2535,-1170,5330,7865,22624,22628,22621
Tue Sep 29 2026 09:36:00 GMT+0530 (India Standard Time),22615.3,22619.9,22593.5,22600,34190,8646300,-10530,-715,-14495,-78975,-6305,1495,11830,22360,22603,22600,22604
Tue Sep 29 2026 09:37:00 GMT+0530 (India Standard Time),22600,22605,22581.9,22581.9,18720,8614190,1820,3640,-780,-77155,-390,-650,10270,8450,22595,22597,22592
Tue Sep 29 2026 09:38:00 GMT+0530 (India Standard Time),22583.5,22599.7,22579,22595,24115,8603075,5135,8710,-325,-72020,-390,5460,14625,9490,22593,22592,22593
Tue Sep 29 2026 09:39:00 GMT+0530 (India Standard Time),22599.7,22600,22587.2,22592,15795,8592415,4485,7605,3770,-67535,-2340,-455,10140,5655,22596,22598,22594
Tue Sep 29 2026 09:40:00 GMT+0530 (India Standard Time),22592.4,22616.1,22589,22601.3,25350,8589490,13130,15275,-1235,-54405,-975,13325,19240,6110,22605,22607,22598
Tue Sep 29 2026 09:41:00 GMT+0530 (India Standard Time),22601.3,22630.5,22601.3,22630.5,15860,8587150,3640,4940,-910,-50765,325,3640,9750,6110,22621,22623,22618
Tue Sep 29 2026 09:42:00 GMT+0530 (India Standard Time),22633.5,22643.1,22625.5,22640,20930,8582795,-650,1105,-4810,-51415,715,1950,10140,10790,22635,22637,22632
Tue Sep 29 2026 09:43:00 GMT+0530 (India Standard Time),22640,22642,22620,22633,16835,8572980,-1235,3055,-3835,-52650,-3705,325,7800,9035,22632,22634,22631
Tue Sep 29 2026 09:44:00 GMT+0530 (India Standard Time),22633,22633,22620.6,22626,16315,8567130,-5915,390,-6370,-58565,-5915,-5850,5200,11115,22625,22628,22624
Tue Sep 29 2026 09:45:00 GMT+0530 (India Standard Time),22627,22629.5,22617.6,22617.6,21710,8557835,130,5525,130,-58435,-3835,-3575,10920,10790,22624,22627,22622
Tue Sep 29 2026 09:46:00 GMT+0530 (India Standard Time),22621,22621,22611,22618,21125,8546915,7865,7865,-910,-50570,7865,3770,14495,6630,22617,22618,22614
Tue Sep 29 2026 09:47:00 GMT+0530 (India Standard Time),22618,22625,22617,22623.7,20410,8543080,16120,16640,5590,-34450,-390,-390,18265,2145,22619,22619,22620
Tue Sep 29 2026 09:48:00 GMT+0530 (India Standard Time),22623.7,22624,22608.2,22614,10985,8523905,-1365,-130,-3315,-35815,-1170,-650,4810,6175,22613,22615,22612
Tue Sep 29 2026 09:49:00 GMT+0530 (India Standard Time),22614,22614.6,22608,22614.4,10400,8509410,260,2275,-585,-35555,-1235,780,5330,5070,22613,22614,22611
Tue Sep 29 2026 09:50:00 GMT+0530 (India Standard Time),22611,22614.6,22609,22609,14170,8504795,-650,3510,-2145,-36205,-4095,-390,6760,7410,22612,22613,22610
Tue Sep 29 2026 09:51:00 GMT+0530 (India Standard Time),22608.1,22615,22604.5,22614.5,4940,8491535,-260,325,-1820,-36465,-390,1365,2340,2600,22609,22610,22608
Tue Sep 29 2026 09:52:00 GMT+0530 (India Standard Time),22614.5,22614.5,22604.2,22614,33605,8484775,-2535,-195,-9230,-39000,-2340,2860,15535,18070,22610,22612,22609
Tue Sep 29 2026 09:53:00 GMT+0530 (India Standard Time),22614,22614,22606,22614,7800,8481460,3510,4160,130,-35490,65,-65,5655,2145,22613,22613,22612
Tue Sep 29 2026 09:54:00 GMT+0530 (India Standard Time),22614,22620.1,22603,22620.1,9945,8479510,3965,3965,-2275,-31525,65,4550,6955,2990,22613,22616,22607
Tue Sep 29 2026 09:55:00 GMT+0530 (India Standard Time),22620.1,22629,22620.1,22629,9750,8477625,780,780,-2730,-30745,195,780,5265,4485,22624,22626,22622
Tue Sep 29 2026 09:56:00 GMT+0530 (India Standard Time),22629.7,22634.6,22622,22628.6,11960,8477170,2730,3965,65,-28015,1885,390,7345,4615,22631,22632,22629
Tue Sep 29 2026 09:57:00 GMT+0530 (India Standard Time),22628.6,22628.6,22611,22622,7215,8476195,-195,-130,-3055,-28210,-195,2535,3510,3705,22618,22618,22619
Tue Sep 29 2026 09:58:00 GMT+0530 (India Standard Time),22623.5,22630,22617,22617,8060,8461635,-130,3965,-130,-28340,-3965,-325,3965,4095,22626,22626,22627
Tue Sep 29 2026 09:59:00 GMT+0530 (India Standard Time),22617,22623.2,22615,22621.8,4680,8460075,130,585,-910,-28210,325,585,2405,2275,22618,22621,22616
Tue Sep 29 2026 10:00:00 GMT+0530 (India Standard Time),22621.8,22622,22615,22620.5,7475,8457930,-325,520,-1820,-28535,-650,0,3575,3900,22619,22620,22618
Tue Sep 29 2026 10:01:00 GMT+0530 (India Standard Time),22621.2,22621.7,22607,22608.1,8515,8456370,-2925,520,-3250,-31460,-3380,-325,2795,5720,22614,22616,22614
Tue Sep 29 2026 10:02:00 GMT+0530 (India Standard Time),22608.1,22611.5,22605,22608.9,8385,8401900,585,650,-1170,-30875,260,325,4485,3900,22608,22610,22606
Tue Sep 29 2026 10:03:00 GMT+0530 (India Standard Time),22609,22614,22609,22614,6760,8400730,3380,3380,260,-27495,130,3380,5070,1690,22612,22612,22612
Tue Sep 29 2026 10:04:00 GMT+0530 (India Standard Time),22613,22617.3,22601,22607.6,14560,8358740,8970,9555,-650,-18525,9620,-455,11765,2795,22615,22617,22609
Tue Sep 29 2026 10:05:00 GMT+0530 (India Standard Time),22608.8,22608.8,22603.1,22608.8,5525,8344765,2145,2665,325,-16380,390,130,3835,1690,22607,22608,22605
Tue Sep 29 2026 10:06:00 GMT+0530 (India Standard Time),22608.8,22608.8,22601,22603,7410,8341905,390,1690,-780,-15990,-910,-195,3900,3510,22604,22605,22602
Tue Sep 29 2026 10:07:00 GMT+0530 (India Standard Time),22603,22615,22595,22607,389415,8330725,291135,333710,-2210,275145,-17225,291655,340275,49140,22602,22601,22613
Tue Sep 29 2026 10:08:00 GMT+0530 (India Standard Time),22607,22614.4,22595.1,22609.9,9165,8633040,-2665,650,-2665,272480,-2860,-1950,3250,5915,22609,22610,22608
Tue Sep 29 2026 10:09:00 GMT+0530 (India Standard Time),22609.9,22609.9,22598.6,22606.4,7150,8628165,390,1560,-1105,272870,1170,1170,3770,3380,22606,22607,22605
Tue Sep 29 2026 10:10:00 GMT+0530 (India Standard Time),22606.4,22607.9,22602,22602,3835,8623875,-455,1235,-455,272415,-780,-130,1690,2145,22605,22608,22604
Tue Sep 29 2026 10:11:00 GMT+0530 (India Standard Time),22602,22602.7,22592,22593.5,7605,8621535,-195,455,-2210,272220,-260,-65,3705,3900,22600,22600,22599
Tue Sep 29 2026 10:12:00 GMT+0530 (India Standard Time),22593.5,22597,22593.5,22595.2,5265,8295170,1235,1885,130,273455,130,1235,3250,2015,22596,22596,22595
Tue Sep 29 2026 10:13:00 GMT+0530 (India Standard Time),22594.6,22596.9,22591.1,22591.1,4940,8293675,-1690,-325,-2080,271765,-130,-65,1625,3315,22594,22596,22594
Tue Sep 29 2026 10:14:00 GMT+0530 (India Standard Time),22591.1,22596.9,22590,22596.9,10920,8291660,-4940,-195,-5005,266825,65,-1170,2990,7930,22592,22594,22592
Tue Sep 29 2026 10:15:00 GMT+0530 (India Standard Time),22597,22599.1,22590.1,22599,8970,8285030,4290,4290,0,271115,910,4225,6630,2340,22596,22597,22594
Tue Sep 29 2026 10:16:00 GMT+0530 (India Standard Time),22596,22600,22591.1,22597,8580,8282950,780,1495,-1170,271895,-390,1365,4680,3900,22597,22600,22593
Tue Sep 29 2026 10:17:00 GMT+0530 (India Standard Time),22597.3,22604.5,22594,22598,6825,8272615,-2015,780,-2015,269880,-910,-2730,2405,4420,22599,22602,22597
Tue Sep 29 2026 10:18:00 GMT+0530 (India Standard Time),22598,22600.3,22594,22600,7150,8271315,-130,-130,-3055,269750,1365,1235,3510,3640,22598,22598,22597
Tue Sep 29 2026 10:19:00 GMT+0530 (India Standard Time),22600,22608.9,22594,22602.1,5915,8270665,845,2210,130,270595,-910,-325,3380,2535,22603,22604,22600
Tue Sep 29 2026 10:20:00 GMT+0530 (India Standard Time),22593.1,22602.1,22591.2,22597.1,4355,8213855,-2015,-1170,-2080,268580,-650,-455,1170,3185,22596,22598,22595
Tue Sep 29 2026 10:21:00 GMT+0530 (India Standard Time),22598,22600,22590.1,22597.9,4030,8212620,-520,520,-585,268060,-910,-65,1755,2275,22596,22598,22594
Tue Sep 29 2026 10:22:00 GMT+0530 (India Standard Time),22597.9,22600,22590.3,22594.5,6760,8204885,650,1170,-585,268710,-455,520,3705,3055,22597,22599,22594
Tue Sep 29 2026 10:23:00 GMT+0530 (India Standard Time),22598,22602.1,22594.6,22602.1,8840,8202870,7280,7280,195,275990,130,7020,8060,780,22600,22600,22597
Tue Sep 29 2026 10:24:00 GMT+0530 (India Standard Time),22601,22605,22594.3,22600,6110,8200725,1820,1885,-260,277810,1365,1885,3965,2145,22602,22604,22598
Tue Sep 29 2026 10:25:00 GMT+0530 (India Standard Time),22605,22610,22599.5,22606,5915,8199750,2925,3250,585,280735,-260,1430,4420,1495,22606,22608,22602
Tue Sep 29 2026 10:26:00 GMT+0530 (India Standard Time),22608,22618,22605.9,22615.1,6240,8183370,-260,455,-1755,280475,0,-715,2990,3250,22611,22615,22608
Tue Sep 29 2026 10:27:00 GMT+0530 (India Standard Time),22618,22618,22610,22615,4225,8181615,975,1560,455,281450,325,325,2600,1625,22614,22617,22610
Tue Sep 29 2026 10:28:00 GMT+0530 (India Standard Time),22611.1,22615,22610,22615,6435,8179210,2665,2665,-650,284115,1235,2925,4550,1885,22613,22614,22611
Tue Sep 29 2026 10:29:00 GMT+0530 (India Standard Time),22615,22620.8,22606.2,22618.4,18980,8174855,8840,8840,-910,292955,3965,4355,13910,5070,22616,22618,22612
Tue Sep 29 2026 10:30:00 GMT+0530 (India Standard Time),22618.2,22620,22605.3,22615,12285,8169200,-5135,1170,-5200,287820,-5850,-1170,3575,8710,22613,22617,22611
Tue Sep 29 2026 10:31:00 GMT+0530 (India Standard Time),22618,22620,22606.1,22607.5,7020,8157630,650,1235,-520,288470,-520,780,3835,3185,22615,22616,22615
Tue Sep 29 2026 10:32:00 GMT+0530 (India Standard Time),22607.5,22609.9,22600.1,22603,5070,8154250,260,585,-455,288730,325,650,2665,2405,22606,22607,22606
Tue Sep 29 2026 10:33:00 GMT+0530 (India Standard Time),22603,22608.2,22596.3,22600,5330,8152625,-2340,390,-2730,286390,-260,-65,1495,3835,22600,22604,22598
Tue Sep 29 2026 10:34:00 GMT+0530 (India Standard Time),22600,22612,22600,22612,5525,8148075,1365,1430,130,287755,65,975,3445,2080,22605,22607,22602
Tue Sep 29 2026 10:35:00 GMT+0530 (India Standard Time),22612,22617.7,22605,22612,4615,8146905,65,1430,-195,287820,195,-845,2340,2275,22612,22614,22610
Tue Sep 29 2026 10:36:00 GMT+0530 (India Standard Time),22612,22615,22609.4,22611,5135,8145865,-65,715,-780,287755,-195,65,2535,2600,22612,22613,22611
Tue Sep 29 2026 10:37:00 GMT+0530 (India Standard Time),22610,22610,22600.5,22607,4810,8144500,390,455,-390,288145,715,390,2600,2210,22606,22607,22604
Tue Sep 29 2026 10:38:00 GMT+0530 (India Standard Time),22603,22610,22602,22610,10335,8143655,1755,2730,-1430,289900,260,2145,6045,4290,22606,22607,22604
Tue Sep 29 2026 10:39:00 GMT+0530 (India Standard Time),22610,22615,22605.9,22615,6890,8139625,650,910,-910,290550,585,585,3770,3120,22611,22613,22610
Tue Sep 29 2026 10:40:00 GMT+0530 (India Standard Time),22612,22615.4,22605.7,22615.4,4615,8138520,975,975,-1495,291525,1105,1885,2795,1820,22612,22614,22610
Tue Sep 29 2026 10:41:00 GMT+0530 (India Standard Time),22615.4,22616,22603.4,22616,8710,8135335,910,1495,-325,292435,260,-585,4810,3900,22610,22613,22606
Tue Sep 29 2026 10:42:00 GMT+0530 (India Standard Time),22606.5,22616.8,22604.3,22616.8,8970,8133905,3510,3510,-390,295945,130,2990,6240,2730,22612,22613,22609
Tue Sep 29 2026 10:43:00 GMT+0530 (India Standard Time),22616.8,22629,22616.8,22625,14625,8130460,715,2210,-2925,296660,-1365,715,7670,6955,22622,22624,22619
Tue Sep 29 2026 10:44:00 GMT+0530 (India Standard Time),22625,22629,22620,22627.7,10270,8128705,-130,1105,-3055,296530,-130,-845,5070,5200,22627,22628,22627
Tue Sep 29 2026 10:45:00 GMT+0530 (India Standard Time),22627.6,22627.6,22617,22620,4680,8127535,130,130,-1495,296660,715,1300,2405,2275,22624,22624,22625
Tue Sep 29 2026 10:46:00 GMT+0530 (India Standard Time),22620.1,22625,22615.6,22617,2990,8126365,390,780,325,297050,65,-195,1690,1300,22622,22623,22620
Tue Sep 29 2026 10:47:00 GMT+0530 (India Standard Time),22617,22617,22609.5,22609.5,5590,8126040,-3770,-195,-3770,293280,-1625,-520,910,4680,22614,22616,22614
Tue Sep 29 2026 10:48:00 GMT+0530 (India Standard Time),22615,22615,22605,22614,10335,8124480,975,975,-2340,294255,1235,3185,5655,4680,22609,22611,22606
Tue Sep 29 2026 10:49:00 GMT+0530 (India Standard Time),22614,22617,22609.5,22617,5720,8124350,650,715,-455,294905,195,845,3185,2535,22613,22614,22612
Tue Sep 29 2026 10:50:00 GMT+0530 (India Standard Time),22617,22617,22605,22611.5,1950,8123180,-1040,130,-1300,293865,-1040,0,455,1495,22609,22613,22608
Tue Sep 29 2026 10:51:00 GMT+0530 (India Standard Time),22611.5,22612.1,22604.7,22610.9,3640,8122725,1820,1950,-65,295685,780,780,2730,910,22610,22610,22609
Tue Sep 29 2026 10:52:00 GMT+0530 (India Standard Time),22610.9,22620,22607.2,22616.1,5200,8121035,-2210,780,-2340,293475,0,-2080,1495,3705,22614,22616,22613
Tue Sep 29 2026 10:53:00 GMT+0530 (India Standard Time),22616.1,22622,22615.2,22622,5005,8119800,-2405,0,-2730,291070,130,-130,1300,3705,22618,22621,22616
Tue Sep 29 2026 10:54:00 GMT+0530 (India Standard Time),22622,22628.2,22619.1,22628.2,3835,8118175,3315,3315,0,294385,195,3185,3575,260,22625,22626,22621
Tue Sep 29 2026 10:55:00 GMT+0530 (India Standard Time),22628.2,22631,22628.2,22631,9490,8116810,9100,9100,260,303485,260,8710,9295,195,22630,22630,22629
Tue Sep 29 2026 10:56:00 GMT+0530 (India Standard Time),22631,22635,22624.5,22629.2,2795,8116355,455,975,130,303940,-260,-130,1625,1170,22630,22633,22627
Tue Sep 29 2026 10:57:00 GMT+0530 (India Standard Time),22623.6,22629,22620.5,22626.5,5915,8105305,2275,2275,-520,306215,1950,2730,4095,1820,22625,22625,22623
Tue Sep 29 2026 10:58:00 GMT+0530 (India Standard Time),22629.2,22640,22629.2,22634.2,7085,8104070,2665,3055,260,308880,-260,2665,4875,2210,22635,22637,22632
Tue Sep 29 2026 10:59:00 GMT+0530 (India Standard Time),22634.2,22638.3,22630,22630,4420,8097700,910,1755,-715,309790,-520,-65,2665,1755,22636,22637,22635
Tue Sep 29 2026 11:00:00 GMT+0530 (India Standard Time),22630,22636.5,22620.5,22621.8,2665,8079370,-1495,195,-1495,308295,-1235,-650,585,2080,22628,22635,22626
Tue Sep 29 2026 11:01:00 GMT+0530 (India Standard Time),22621.8,22621.8,22611.8,22616,6760,8077940,-1820,-130,-2860,306475,-1625,715,2470,4290,22615,22617,22614
Tue Sep 29 2026 11:02:00 GMT+0530 (India Standard Time),22616,22616,22606.8,22606.9,4420,8077875,-1820,195,-1820,304655,-1950,-520,1300,3120,22611,22613,22610
Tue Sep 29 2026 11:03:00 GMT+0530 (India Standard Time),22606.9,22616,22606.8,22607.6,14040,8078070,-4290,2795,-4290,300365,-6305,-4160,4875,9165,22610,22612,22609
Tue Sep 29 2026 11:04:00 GMT+0530 (India Standard Time),22609.7,22613.5,22606,22609,3185,8077225,-195,1040,-195,300170,-1105,-1040,1495,1690,22610,22611,22608
Tue Sep 29 2026 11:05:00 GMT+0530 (India Standard Time),22609,22611,22600.4,22601,3055,8078200,-1105,-260,-1820,299065,-520,455,975,2080,22604,22604,22605
Tue Sep 29 2026 11:06:00 GMT+0530 (India Standard Time),22601.5,22614.9,22600.3,22612,4940,8079370,2340,2730,195,301405,0,1820,3640,1300,22607,22608,22604
Tue Sep 29 2026 11:07:00 GMT+0530 (India Standard Time),22612,22616,22608.4,22612.1,3965,8078005,845,1235,-325,302250,-325,1040,2405,1560,22613,22614,22611
Tue Sep 29 2026 11:08:00 GMT+0530 (India Standard Time),22612.1,22616,22612.1,22614,3185,8056295,-455,1105,-520,301795,-1365,-455,1365,1820,22615,22615,22615
Tue Sep 29 2026 11:09:00 GMT+0530 (India Standard Time),22614,22635,22614,22635,7085,8043100,4355,5135,260,306150,130,4355,5720,1365,22621,22620,22625
Tue Sep 29 2026 11:10:00 GMT+0530 (India Standard Time),22635,22670,22630,22668,65455,8035950,61555,61685,-195,367705,1820,61360,63505,1950,22653,22653,22655
Tue Sep 29 2026 11:11:00 GMT+0530 (India Standard Time),22668,22683.5,22660.8,22660.8,24830,8030490,13780,17160,-130,381485,1040,-260,19305,5525,22676,22678,22672
Tue Sep 29 2026 11:12:00 GMT+0530 (India Standard Time),22660.8,22689.9,22660.8,22679.1,14625,8017035,5655,8385,-65,387140,-2145,5655,10140,4485,22678,22679,22677
Tue Sep 29 2026 11:13:00 GMT+0530 (India Standard Time),22679.1,22710,22679.1,22710,27430,8014630,21060,21970,-195,408200,1105,18460,24245,3185,22697,22698,22696
Tue Sep 29 2026 11:14:00 GMT+0530 (India Standard Time),22705,22717.9,22694,22699.6,21775,8012550,6565,6565,-1170,414765,910,3575,14170,7605,22707,22708,22706
Tue Sep 29 2026 11:15:00 GMT+0530 (India Standard Time),22701.3,22713.4,22701.3,22704.5,12675,8011380,325,2860,-910,415090,0,65,6500,6175,22707,22708,22706
Tue Sep 29 2026 11:16:00 GMT+0530 (India Standard Time),22704.5,22704.5,22681,22692.8,15730,8010470,-6500,455,-8125,408590,-6565,1560,4615,11115,22693,22695,22691
Tue Sep 29 2026 11:17:00 GMT+0530 (India Standard Time),22690,22700,22682.2,22690,13390,8006765,9360,9360,-325,417950,5200,520,11375,2015,22691,22691,22688
Tue Sep 29 2026 11:18:00 GMT+0530 (India Standard Time),22689.9,22689.9,22676,22689,7410,8006245,1040,1040,-1365,418990,1040,1625,4225,3185,22684,22685,22683
Tue Sep 29 2026 11:19:00 GMT+0530 (India Standard Time),22689,22700,22689,22700,4810,7996625,2730,2730,455,421720,520,2730,3770,1040,22696,22696,22694
Tue Sep 29 2026 11:20:00 GMT+0530 (India Standard Time),22700,22710,22700,22710,6630,7993635,910,910,-1560,422630,65,2080,3770,2860,22704,22705,22702
Tue Sep 29 2026 11:21:00 GMT+0530 (India Standard Time),22710,22710,22698.1,22700,2860,7992530,-260,390,-390,422370,-455,-260,1300,1560,22702,22704,22701
Tue Sep 29 2026 11:22:00 GMT+0530 (India Standard Time),22700,22703.9,22694.9,22703,7995,7990450,5525,5525,-780,427895,4485,3835,6760,1235,22701,22701,22697
Tue Sep 29 2026 11:23:00 GMT+0530 (India Standard Time),22700,22703,22694.5,22695,5460,7988695,1300,1430,-910,429195,1495,0,3380,2080,22699,22700,22697
Tue Sep 29 2026 11:24:00 GMT+0530 (India Standard Time),22695,22697.7,22680.9,22690,5525,7987525,-715,130,-1885,428480,195,-65,2405,3120,22690,22691,22690
Tue Sep 29 2026 11:25:00 GMT+0530 (India Standard Time),22690,22690,22685,22686.4,7020,7986875,130,1235,-845,428610,-780,325,3575,3445,22688,22690,22686
Tue Sep 29 2026 11:26:00 GMT+0530 (India Standard Time),22685.5,22694,22685,22685.1,5980,7986160,910,2145,-325,429520,-715,-845,3445,2535,22688,22689,22686
Tue Sep 29 2026 11:27:00 GMT+0530 (India Standard Time),22685,22699,22685,22698.9,9750,7982195,5070,5265,-455,434590,65,1235,7410,2340,22688,22688,22687
Tue Sep 29 2026 11:28:00 GMT+0530 (India Standard Time),22690,22700.1,22686.1,22700.1,25870,7981025,21580,21580,-585,456170,390,20930,23725,2145,22699,22700,22693
Tue Sep 29 2026 11:29:00 GMT+0530 (India Standard Time),22700,22710,22700,22710,12415,8005790,2535,2535,-3575,458705,780,3835,7475,4940,22704,22706,22702
Tue Sep 29 2026 11:30:00 GMT+0530 (India Standard Time),22710,22735,22710,22730,20020,8004815,16510,16510,65,475215,1235,16510,18265,1755,22727,22727,22725
Tue Sep 29 2026 11:31:00 GMT+0530 (India Standard Time),22730,22748,22730,22745.2,14560,8003190,9620,9945,390,484835,1560,9620,12090,2470,22741,22741,22740
Tue Sep 29 2026 11:32:00 GMT+0530 (India Standard Time),22748,22748,22728.7,22728.7,6760,8003190,-1820,650,-2535,483015,-1820,-65,2470,4290,22737,22736,22738
Tue Sep 29 2026 11:33:00 GMT+0530 (India Standard Time),22731.5,22745.2,22727.5,22735,12675,8003255,-715,1040,-1885,482300,-715,-390,5980,6695,22736,22738,22735
Tue Sep 29 2026 11:34:00 GMT+0530 (India Standard Time),22734,22739.1,22725.1,22728.5,9555,8002865,-6435,-260,-6565,475865,-3965,-975,1560,7995,22730,22731,22730
Tue Sep 29 2026 11:35:00 GMT+0530 (India Standard Time),22728.5,22739,22720,22723.5,6110,8000785,-910,1430,-1040,474955,-1885,-325,2600,3510,22727,22729,22726
Tue Sep 29 2026 11:36:00 GMT+0530 (India Standard Time),22723.3,22730,22722.7,22727.4,4355,7995650,1235,1300,-455,476190,260,1625,2795,1560,22726,22727,22726
Tue Sep 29 2026 11:37:00 GMT+0530 (India Standard Time),22727.2,22727.2,22717.4,22720,5135,7988045,-2405,-325,-2405,473785,-2405,-455,1365,3770,22722,22723,22722
Tue Sep 29 2026 11:38:00 GMT+0530 (India Standard Time),22723.6,22726,22714.1,22720,3705,7979140,-1235,130,-1495,472550,-1170,-390,1235,2470,22719,22722,22717
Tue Sep 29 2026 11:39:00 GMT+0530 (India Standard Time),22720,22734.8,22720,22733.6,19825,7976215,15405,15600,520,487955,130,15405,17615,2210,22728,22727,22732
Tue Sep 29 2026 11:40:00 GMT+0530 (India Standard Time),22733.6,22749,22733.6,22748.5,25545,7969715,21125,21190,-130,509080,65,21125,23335,2210,22739,22738,22743
Tue Sep 29 2026 11:41:00 GMT+0530 (India Standard Time),22740,22740.4,22730.6,22735.7,7800,7964840,-4940,-325,-5785,504140,-4420,455,1430,6370,22733,22736,22732
Tue Sep 29 2026 11:42:00 GMT+0530 (India Standard Time),22734.6,22736,22730,22732.5,3705,7964710,-845,130,-1040,503295,-715,-455,1430,2275,22733,22734,22733
Tue Sep 29 2026 11:43:00 GMT+0530 (India Standard Time),22730,22731,22719.5,22722.1,5330,7964255,780,845,-1560,504075,1040,1040,3055,2275,22723,22724,22723
Tue Sep 29 2026 11:44:00 GMT+0530 (India Standard Time),22622.1,22735,22722.1,22727.6,9620,7964255,-2210,260,-2340,501865,-715,-2210,3705,5915,22729,22731,22727
Tue Sep 29 2026 11:45:00 GMT+0530 (India Standard Time),22727.6,22733.4,22722.1,22725.8,6695,7956910,1625,2535,-65,503490,910,260,4160,2535,22730,22731,22729
Tue Sep 29 2026 11:46:00 GMT+0530 (India Standard Time),22725.3,22730,22721.4,22721.4,5330,7956910,-2080,845,-2080,501410,-2535,-2405,1625,3705,22725,22728,22723
Tue Sep 29 2026 11:47:00 GMT+0530 (India Standard Time),22721.4,22726,22713.5,22722.4,4420,7952750,-520,-65,-1300,500890,-195,390,1950,2470,22719,22721,22718
Tue Sep 29 2026 11:48:00 GMT+0530 (India Standard Time),22722.4,22723.4,22716.6,22721.2,6890,7951710,1430,1560,-325,502320,65,1690,4160,2730,22721,22721,22721
Tue Sep 29 2026 11:49:00 GMT+0530 (India Standard Time),22721,22728.2,22721,22726.2,6045,7949175,3575,3835,-455,505895,585,3835,4810,1235,22726,22727,22724
Tue Sep 29 2026 11:50:00 GMT+0530 (India Standard Time),22725,22727,22719.6,22720.7,3185,7949110,585,780,-390,506480,325,260,1885,1300,22724,22725,22722
Tue Sep 29 2026 11:51:00 GMT+0530 (India Standard Time),22723.1,22733.1,22720.6,22728.5,4875,7949240,2665,2795,195,509145,-65,2405,3770,1105,22727,22727,22728
Tue Sep 29 2026 11:52:00 GMT+0530 (India Standard Time),22729.4,22733.4,22725.7,22733.4,4810,7948265,3640,3640,130,512785,130,3445,4225,585,22730,22730,22728
Tue Sep 29 2026 11:53:00 GMT+0530 (India Standard Time),22734,22737,22725.2,22725.2,7345,7948200,-1495,2340,-1495,511290,-3185,-780,2925,4420,22731,22735,22729
Tue Sep 29 2026 11:54:00 GMT+0530 (India Standard Time),22725.2,22728.4,22724.2,22726,4615,7948980,1235,1365,-325,512525,1105,325,2925,1690,22726,22727,22726
Tue Sep 29 2026 11:55:00 GMT+0530 (India Standard Time),22726,22734,22724.2,22731.5,6825,7948005,3185,3315,-715,515710,-65,3315,5005,1820,22728,22729,22726
Tue Sep 29 2026 11:56:00 GMT+0530 (India Standard Time),22731.5,22738.5,22728.5,22733,3835,7947680,-325,585,-455,515385,-715,65,1755,2080,22734,22734,22734
Tue Sep 29 2026 11:57:00 GMT+0530 (India Standard Time),22730.5,22737.6,22727.9,22733.7,8645,7947810,-4225,390,-5135,511160,910,-4550,2210,6435,22731,22735,22729
Tue Sep 29 2026 11:58:00 GMT+0530 (India Standard Time),22733.7,22737.6,22726.4,22731,6175,7941960,1105,2275,-325,512265,-650,1300,3640,2535,22734,22737,22731
Tue Sep 29 2026 11:59:00 GMT+0530 (India Standard Time),22731,22739,22731,22737,4030,7939295,390,585,-520,512655,0,390,2210,1820,22735,22736,22734
Tue Sep 29 2026 12:00:00 GMT+0530 (India Standard Time),22737.8,22748,22737.8,22746.9,5460,7939360,2600,2665,65,515255,0,2600,4030,1430,22742,22742,22742
Tue Sep 29 2026 12:01:00 GMT+0530 (India Standard Time),22748,22764.9,22748,22753.4,35490,7937020,32890,33475,260,548145,8255,32890,34190,1300,22756,22756,22754
Tue Sep 29 2026 12:02:00 GMT+0530 (India Standard Time),22755,22755,22744.8,22750.9,7800,7927595,-4420,65,-5135,543725,-4420,130,1690,6110,22749,22749,22749
Tue Sep 29 2026 12:03:00 GMT+0530 (India Standard Time),22750.9,22758.1,22749,22757.2,7540,7927140,-390,1430,-780,543335,-1495,-780,3575,3965,22753,22755,22752
Tue Sep 29 2026 12:04:00 GMT+0530 (India Standard Time),22757.7,22760,22750.3,22755,7670,7926425,-780,260,-2925,542555,-975,1560,3445,4225,22756,22756,22757
Tue Sep 29 2026 12:05:00 GMT+0530 (India Standard Time),22755,22760,22752.7,22757.8,28340,7925125,25220,26000,8710,567775,-195,585,26780,1560,22755,22755,22756
Tue Sep 29 2026 12:06:00 GMT+0530 (India Standard Time),22757.4,22764,22754,22754,9230,7941960,3250,3445,-1170,571025,3055,-195,6240,2990,22759,22760,22757
Tue Sep 29 2026 12:07:00 GMT+0530 (India Standard Time),22755.3,22764,22751.1,22761.9,11505,7939035,4485,4615,-65,575510,-65,4420,7995,3510,22760,22760,22758
Tue Sep 29 2026 12:08:00 GMT+0530 (India Standard Time),22760,22764.5,22760,22764.5,15405,7929675,-585,-585,-6565,574925,130,1235,7410,7995,22762,22764,22760
Tue Sep 29 2026 12:09:00 GMT+0530 (India Standard Time),22762.2,22764,22753,22758,29380,7927465,-24700,65,-26325,550225,-24505,1560,2340,27040,22754,22758,22754
Tue Sep 29 2026 12:10:00 GMT+0530 (India Standard Time),22758,22760,22757,22757,4875,7916155,845,2600,260,551070,-1560,-65,2860,2015,22759,22760,22758
Tue Sep 29 2026 12:11:00 GMT+0530 (India Standard Time),22757,22757,22757,22757,4615,7915310,-4615,-195,-4615,546455,-130,-130,0,4615,22757,NaN,22757
Tue Sep 29 2026 12:12:00 GMT+0530 (India Standard Time),22757,22757,22742.4,22753.4,14885,7910435,-5655,-65,-8060,540800,-2145,2210,4615,10270,22751,22748,22752
Tue Sep 29 2026 12:13:00 GMT+0530 (India Standard Time),22752.5,22755.6,22750,22753,2730,7910110,-650,130,-715,540150,-715,-325,1040,1690,22753,22755,22753
Tue Sep 29 2026 12:14:00 GMT+0530 (India Standard Time),22752.7,22755.1,22750.5,22750.5,8320,7902245,-130,975,-2795,540020,1495,-130,4095,4225,22753,22754,22752
Tue Sep 29 2026 12:15:00 GMT+0530 (India Standard Time),22751.4,22753.5,22750,22750,7670,7901725,-2340,1430,-2340,537680,-3185,-325,2665,5005,22751,22752,22750
Tue Sep 29 2026 12:16:00 GMT+0530 (India Standard Time),22750,22750.8,22745,22749,28730,7898865,-10920,650,-15990,526760,-9685,2470,8905,19825,22749,22750,22749
Tue Sep 29 2026 12:17:00 GMT+0530 (India Standard Time),22748.2,22748.9,22745,22745,2990,7891455,-650,455,-650,526110,-780,-65,1170,1820,22746,22748,22745
Tue Sep 29 2026 12:18:00 GMT+0530 (India Standard Time),22745.4,22745.4,22745,22745,8450,7890805,-5200,130,-5200,520910,-130,-130,1625,6825,22745,22745,22745
Tue Sep 29 2026 12:19:00 GMT+0530 (India Standard Time),22745,22746,22745,22745,9620,7881055,-7020,-260,-7020,513890,-5980,-65,1300,8320,22745,22745,22745
Tue Sep 29 2026 12:20:00 GMT+0530 (India Standard Time),22745,22745.4,22723.7,22729.1,25480,7876440,-15730,-65,-16965,498160,-15405,455,4875,20605,22740,22737,22741
Tue Sep 29 2026 12:21:00 GMT+0530 (India Standard Time),22730,22737.9,22728.5,22730,5720,7871110,2340,2860,195,500500,975,-260,4030,1690,22733,22734,22730
Tue Sep 29 2026 12:22:00 GMT+0530 (India Standard Time),22730.9,22732,22730,22732,16510,7870005,-6630,65,-11050,493870,3900,4290,4940,11570,22731,22732,22730
Tue Sep 29 2026 12:23:00 GMT+0530 (India Standard Time),22733.1,22736.1,22725.2,22728.8,4615,7859085,-2275,455,-2600,491595,-2405,65,1170,3445,22731,22732,22731
Tue Sep 29 2026 12:24:00 GMT+0530 (India Standard Time),22727.2,22728.7,22719,22725,11310,7857265,-520,715,-3315,491075,715,2730,5395,5915,22724,22724,22724
Tue Sep 29 2026 12:25:00 GMT+0530 (India Standard Time),22725,22726.4,22716.6,22720,9880,7853755,-1170,2925,-2210,489905,-2210,910,4355,5525,22723,22724,22723
Tue Sep 29 2026 12:26:00 GMT+0530 (India Standard Time),22721.9,22723,22706.7,22710,12415,7849855,-9425,260,-9425,480480,-9555,-2600,1495,10920,22713,22713,22713
Tue Sep 29 2026 12:27:00 GMT+0530 (India Standard Time),22710,22710.8,22686.4,22693,20930,7845760,-8710,0,-9880,471770,-8645,390,6110,14820,22695,22697,22694
Tue Sep 29 2026 12:28:00 GMT+0530 (India Standard Time),22693.7,22696.4,22680.1,22689,11700,7847775,-7150,390,-7410,464620,-4550,-1365,2275,9425,22690,22692,22689
Tue Sep 29 2026 12:29:00 GMT+0530 (India Standard Time),22690,22695,22680.5,22690,6370,7847190,130,1105,-780,464750,-715,715,3250,3120,22688,22691,22685
Tue Sep 29 2026 12:30:00 GMT+0530 (India Standard Time),22691.5,22691.5,22665.1,22665.1,18005,7846995,-13715,390,-14170,451035,-13715,-390,2145,15860,22675,22679,22674
Tue Sep 29 2026 12:31:00 GMT+0530 (India Standard Time),22678,22678,22654,22667.5,31070,7846995,-11180,130,-11310,439855,-11180,-3575,9945,21125,22664,22670,22661
Tue Sep 29 2026 12:32:00 GMT+0530 (India Standard Time),22667.8,22668.4,22633.2,22640,53040,7853365,-44070,195,-44070,395785,-44135,-5395,4485,48555,22658,22653,22658
Tue Sep 29 2026 12:33:00 GMT+0530 (India Standard Time),22636.6,22651.6,22633.1,22645,20345,7851285,4485,4680,-130,400270,3705,1885,12415,7930,22645,22647,22643
Tue Sep 29 2026 12:34:00 GMT+0530 (India Standard Time),22655,22665.3,22649.6,22664,8385,7850570,-455,520,-1625,399815,-650,-65,3965,4420,22659,22661,22657
Tue Sep 29 2026 12:35:00 GMT+0530 (India Standard Time),22661.9,22671.8,22661.3,22665.9,7410,7851350,-1300,1365,-1300,398515,-1365,-1495,3055,4355,22667,22669,22666
Tue Sep 29 2026 12:36:00 GMT+0530 (India Standard Time),22667.6,22684,22656.8,22684,5785,7851090,2015,2015,-65,400530,65,1560,3900,1885,22671,22673,22666
Tue Sep 29 2026 12:37:00 GMT+0530 (India Standard Time),22680.9,22685,22676.1,22676.7,10140,7849335,260,2470,-195,400790,195,0,5200,4940,22681,22682,22680
Tue Sep 29 2026 12:38:00 GMT+0530 (India Standard Time),22677,22678,22667.1,22676,4030,7851025,780,780,-390,401570,130,455,2405,1625,22675,22676,22674
Tue Sep 29 2026 12:39:00 GMT+0530 (India Standard Time),22676.9,22685,22671,22684,6045,7851090,1105,1560,-1300,402675,-130,1690,3575,2470,22678,22680,22676
Tue Sep 29 2026 12:40:00 GMT+0530 (India Standard Time),22684,22695.6,22680.6,22687.2,6760,7851350,-1690,1430,-1820,400985,-2795,0,2535,4225,22689,22691,22688
Tue Sep 29 2026 12:41:00 GMT+0530 (India Standard Time),22683.4,22710.9,22683.4,22709.5,14690,7851090,10400,11115,-65,411385,5265,10400,12545,2145,22705,22706,22701
Tue Sep 29 2026 12:42:00 GMT+0530 (India Standard Time),22711.9,22711.9,22696.2,22700.1,14105,7850830,-2015,1755,-4615,409370,-2015,-1885,6045,8060,22702,22705,22700
Tue Sep 29 2026 12:43:00 GMT+0530 (India Standard Time),22700.1,22701.5,22690.1,22690.1,5590,7849530,-1950,325,-1950,407420,-1820,-65,1820,3770,22695,22698,22694
Tue Sep 29 2026 12:44:00 GMT+0530 (India Standard Time),22690.1,22690.1,22675.8,22682.2,11115,7848620,-6045,-1430,-6175,401375,-6045,-650,2535,8580,22684,22685,22684
Tue Sep 29 2026 12:45:00 GMT+0530 (India Standard Time),22677.3,22683.8,22677.3,22680.1,3770,7847840,390,520,-1365,401765,0,390,2080,1690,22682,22684,22679
Tue Sep 29 2026 12:46:00 GMT+0530 (India Standard Time),22680.2,22682.1,22670,22675,8645,7850180,-3705,65,-4810,398060,-3705,130,2470,6175,22675,22676,22675
Tue Sep 29 2026 12:47:00 GMT+0530 (India Standard Time),22674,22680,22670.5,22680,6305,7847645,2665,2665,-910,400725,65,2925,4485,1820,22676,22677,22674
Tue Sep 29 2026 12:48:00 GMT+0530 (India Standard Time),22680,22690,22679.8,22685.9,6435,7847060,4355,4615,65,405080,1495,1755,5395,1040,22684,22684,22685
Tue Sep 29 2026 12:49:00 GMT+0530 (India Standard Time),22685.9,22690,22680,22685.4,1755,7847060,-65,520,-130,405015,-520,-130,845,910,22686,22687,22684
Tue Sep 29 2026 12:50:00 GMT+0530 (India Standard Time),22683.8,22690,22680.5,22687,3965,7847320,1365,1365,-130,406380,1235,1430,2665,1300,22686,22687,22684
Tue Sep 29 2026 12:51:00 GMT+0530 (India Standard Time),22687,22690,22680.1,22685,2990,7844395,520,585,0,406900,260,130,1755,1235,22687,22688,22685
Tue Sep 29 2026 12:52:00 GMT+0530 (India Standard Time),22678,22690.1,22678,22686.1,3250,7844395,0,0,-975,406900,845,0,1625,1625,22686,22687,22684
Tue Sep 29 2026 12:53:00 GMT+0530 (India Standard Time),22686.1,22690.1,22686,22687.4,4680,7844395,3640,3835,65,410540,2080,3250,4160,520,22689,22689,22688
Tue Sep 29 2026 12:54:00 GMT+0530 (India Standard Time),22690.1,22698.8,22690.1,22694.3,3900,7843810,390,910,-455,410930,-390,0,2145,1755,22694,22695,22693
Tue Sep 29 2026 12:55:00 GMT+0530 (India Standard Time),22694.2,22697.8,22686,22693,2730,7843940,1300,1365,-130,412230,1170,1105,2015,715,22695,22696,22693
Tue Sep 29 2026 12:56:00 GMT+0530 (India Standard Time),22699,22707,22696.1,22705.6,3445,7844005,325,1300,-195,412555,-130,-845,1885,1560,22701,22701,22701
Tue Sep 29 2026 12:57:00 GMT+0530 (India Standard Time),22708,22723,22701,22720,4810,7843680,2990,2990,-130,415545,1235,2925,3900,910,22716,22716,22714
Tue Sep 29 2026 12:58:00 GMT+0530 (India Standard Time),22720,22720,22700,22705.8,5850,7842835,650,1625,-390,416195,650,0,3250,2600,22711,22717,22705
Tue Sep 29 2026 12:59:00 GMT+0530 (India Standard Time),22700,22710,22694.2,22700,3835,7840950,-1365,910,-1365,414830,-2210,-1560,1235,2600,22701,22707,22698
Tue Sep 29 2026 13:00:00 GMT+0530 (India Standard Time),22700,22705.8,22694.2,22699.4,4745,7840235,-845,520,-1430,413985,-130,-1365,1950,2795,22700,22704,22697
Tue Sep 29 2026 13:01:00 GMT+0530 (India Standard Time),22705,22705.8,22695,22695,3185,7839000,-2015,65,-2015,411970,-1300,-65,585,2600,22698,22704,22696
Tue Sep 29 2026 13:02:00 GMT+0530 (India Standard Time),22698,22705,22690,22690,2795,7838870,455,1105,130,412425,-325,-65,1625,1170,22699,22701,22696
Tue Sep 29 2026 13:03:00 GMT+0530 (India Standard Time),22699.7,22705.8,22690.8,22702,3900,7839000,2730,3055,65,415155,195,2600,3315,585,22703,22704,22702
Tue Sep 29 2026 13:04:00 GMT+0530 (India Standard Time),22705,22706,22697.5,22701.2,5200,7835750,2340,3315,-65,417495,2340,-585,3770,1430,22704,22706,22701
Tue Sep 29 2026 13:05:00 GMT+0530 (India Standard Time),22701.1,22701.1,22687.7,22697.3,6305,7835815,455,715,-1560,417950,455,-65,3380,2925,22699,22699,22699
Tue Sep 29 2026 13:06:00 GMT+0530 (India Standard Time),22697.3,22700.8,22685.2,22689.5,4095,7836010,-325,455,-975,417625,-715,-390,1885,2210,22693,22700,22687
Tue Sep 29 2026 13:07:00 GMT+0530 (India Standard Time),22689.5,22699,22689.5,22694.5,1365,7836335,-455,65,-455,417170,-390,-455,455,910,22695,22697,22695
Tue Sep 29 2026 13:08:00 GMT+0530 (India Standard Time),22695,22699,22694.5,22699,3835,7836985,1755,1820,65,418925,130,130,2795,1040,22697,22697,22696
Tue Sep 29 2026 13:09:00 GMT+0530 (India Standard Time),22700,22718,22698.2,22716.6,7410,7837245,4290,4420,195,423215,0,1690,5850,1560,22707,22708,22703
Tue Sep 29 2026 13:10:00 GMT+0530 (India Standard Time),22713.3,22718,22698.9,22714,7215,7837310,-1105,325,-2665,422110,-1040,1105,3055,4160,22711,22712,22710
Tue Sep 29 2026 13:11:00 GMT+0530 (India Standard Time),22715,22715,22700.6,22707.4,6305,7837635,715,715,-1365,422825,715,1300,3510,2795,22709,22709,22709
Tue Sep 29 2026 13:12:00 GMT+0530 (India Standard Time),22702,22705.3,22696.8,22700.9,4745,7837180,455,1495,-65,423280,65,-1040,2600,2145,22702,22702,22701
Tue Sep 29 2026 13:13:00 GMT+0530 (India Standard Time),22701.7,22707,22694,22700.5,5915,7837765,-325,1040,-650,422955,-1170,130,2795,3120,22702,22703,22700
Tue Sep 29 2026 13:14:00 GMT+0530 (India Standard Time),22699.8,22701,22689.1,22700,11960,7835490,-390,1235,-2600,422565,-715,1365,5785,6175,22695,22695,22695
Tue Sep 29 2026 13:15:00 GMT+0530 (India Standard Time),22698.4,22699.5,22686.6,22686.6,11440,7836855,520,3315,-975,423085,-1885,-130,5980,5460,22694,22697,22691
Tue Sep 29 2026 13:16:00 GMT+0530 (India Standard Time),22688.6,22690,22685,22690,7475,7838350,1365,1560,-910,424450,520,1235,4420,3055,22688,22689,22687
Tue Sep 29 2026 13:17:00 GMT+0530 (India Standard Time),22690,22699,22689.3,22695.8,9295,7836790,2925,3705,650,427375,-455,-520,6110,3185,22696,22696,22694
Tue Sep 29 2026 13:18:00 GMT+0530 (India Standard Time),22690.4,22699,22689.8,22699,1820,7837245,0,0,-715,427375,260,65,910,910,22694,22697,22692
Tue Sep 29 2026 13:19:00 GMT+0530 (India Standard Time),22693.1,22697.1,22678.6,22687.3,7735,7836270,3575,3835,-390,430950,2795,2535,5655,2080,22689,22691,22685
Tue Sep 29 2026 13:20:00 GMT+0530 (India Standard Time),22685.4,22686.6,22666.6,22676,5200,7838285,-2730,-260,-2860,428220,-2340,-780,1235,3965,22675,22678,22674
Tue Sep 29 2026 13:21:00 GMT+0530 (India Standard Time),22676,22685,22672.2,22685,4225,7838350,715,780,-260,428935,65,715,2470,1755,22677,22679,22675
Tue Sep 29 2026 13:22:00 GMT+0530 (India Standard Time),22684.9,22685,22674.9,22675,8970,7839065,1950,2795,-845,430885,2340,910,5460,3510,22681,22682,22679
Tue Sep 29 2026 13:23:00 GMT+0530 (India Standard Time),22678.1,22678.1,22673.8,22676.2,6695,7839520,-975,325,-1235,429910,0,-715,2860,3835,22676,22677,22675
Tue Sep 29 2026 13:24:00 GMT+0530 (India Standard Time),22676.2,22679.9,22670.5,22670.5,12805,7839065,4355,4810,-65,434265,585,-65,8580,4225,22676,22678,22672
Tue Sep 29 2026 13:25:00 GMT+0530 (India Standard Time),22678.9,22680,22678.3,22679.4,5135,7844395,845,1430,-715,435110,-520,130,2990,2145,22679,22679,22679
Tue Sep 29 2026 13:26:00 GMT+0530 (India Standard Time),22677,22680.3,22666.6,22674.9,7280,7845305,1950,3640,-260,437060,-1365,-845,4615,2665,22678,22680,22674
Tue Sep 29 2026 13:27:00 GMT+0530 (India Standard Time),22678.5,22679.1,22668,22674.9,11375,7847320,5005,5005,-910,442065,4680,4030,8190,3185,22673,22673,22671
Tue Sep 29 2026 13:28:00 GMT+0530 (India Standard Time),22671.5,22676,22666.5,22676,9945,7851610,455,455,-1885,442520,130,195,5200,4745,22670,22672,22669
Tue Sep 29 2026 13:29:00 GMT+0530 (India Standard Time),22676.5,22676.5,22663.1,22673.8,5135,7853300,455,650,-325,442975,65,585,2795,2340,22673,22675,22671
Tue Sep 29 2026 13:30:00 GMT+0530 (India Standard Time),22675,22675,22666.3,22669.4,8320,7851350,5070,5135,-130,448045,5070,585,6695,1625,22673,22674,22671
Tue Sep 29 2026 13:31:00 GMT+0530 (India Standard Time),22666.7,22677,22666.7,22672.1,8905,7850050,3575,4160,-1365,451620,-455,3575,6240,2665,22674,22675,22671
Tue Sep 29 2026 13:32:00 GMT+0530 (India Standard Time),22677,22680,22673,22678.8,3770,7850960,-390,780,-585,451230,-1105,-325,1690,2080,22678,22678,22678
Tue Sep 29 2026 13:33:00 GMT+0530 (India Standard Time),22675.4,22675.4,22667.3,22671.2,4030,7852390,-650,-65,-1755,450580,260,715,1690,2340,22673,22672,22673
Tue Sep 29 2026 13:34:00 GMT+0530 (India Standard Time),22673.8,22673.8,22668.2,22671.7,8710,7853300,-910,260,-2015,449670,-910,975,3900,4810,22672,22673,22672
Tue Sep 29 2026 13:35:00 GMT+0530 (India Standard Time),22671.7,22672.5,22666.1,22668.1,8710,7857005,-910,1235,-1105,448760,-1235,-1365,3900,4810,22670,22671,22669
Tue Sep 29 2026 13:36:00 GMT+0530 (India Standard Time),22667.6,22667.9,22655.9,22656.2,8190,7856875,0,715,-1170,448760,390,-65,4095,4095,22662,22663,22662
Tue Sep 29 2026 13:37:00 GMT+0530 (India Standard Time),22659.9,22660,22650.6,22660,17095,7856355,-975,65,-5070,447785,130,4030,8060,9035,22658,22659,22658
Tue Sep 29 2026 13:38:00 GMT+0530 (India Standard Time),22660,22660,22642.9,22646.5,15080,7856290,7020,7215,1560,454805,5460,2080,11050,4030,22652,22653,22650
Tue Sep 29 2026 13:39:00 GMT+0530 (India Standard Time),22648.4,22651.6,22642.3,22651,9100,7855575,2990,2990,130,457795,1040,1495,6045,3055,22648,22649,22645
Tue Sep 29 2026 13:40:00 GMT+0530 (India Standard Time),22645.6,22648.7,22642,22648.7,6240,7853560,1040,1235,-715,458835,195,1365,3640,2600,22646,22646,22645
Tue Sep 29 2026 13:41:00 GMT+0530 (India Standard Time),22650,22655.4,22647.9,22651.7,8905,7852975,3835,4420,1755,462670,-325,1950,6370,2535,22653,22653,22652
Tue Sep 29 2026 13:42:00 GMT+0530 (India Standard Time),22650.6,22655,22649.3,22650.7,3380,7853365,780,975,-390,463450,1040,-65,2080,1300,22653,22654,22651
Tue Sep 29 2026 13:43:00 GMT+0530 (India Standard Time),22649.3,22654.1,22646.4,22654.1,8450,7854535,390,585,-1105,463840,65,260,4420,4030,22650,22651,22649
Tue Sep 29 2026 13:44:00 GMT+0530 (India Standard Time),22650.4,22658,22650.4,22655.7,8125,7853755,4615,4810,-195,468455,390,4615,6370,1755,22655,22656,22653
Tue Sep 29 2026 13:45:00 GMT+0530 (India Standard Time),22654.5,22669.8,22647,22669.3,11765,7854080,3705,4095,-2470,472160,-260,3445,7735,4030,22658,22661,22652
Tue Sep 29 2026 13:46:00 GMT+0530 (India Standard Time),22665.8,22675,22661.1,22666.7,13260,7854990,3510,4680,-585,475670,2600,2860,8385,4875,22671,22672,22668
Tue Sep 29 2026 13:47:00 GMT+0530 (India Standard Time),22666.6,22675,22666.6,22672.3,5265,7857070,2925,3120,-390,478595,-130,2795,4095,1170,22670,22671,22669
Tue Sep 29 2026 13:48:00 GMT+0530 (India Standard Time),22671,22674,22659.7,22674,10985,7857980,7995,7995,-260,486590,1365,3575,9490,1495,22672,22672,22667
Tue Sep 29 2026 13:49:00 GMT+0530 (India Standard Time),22673.7,22678,22664.5,22674,15340,7860775,10140,11375,-130,496730,-845,-975,12740,2600,22675,22675,22672
Tue Sep 29 2026 13:50:00 GMT+0530 (India Standard Time),22674,22682.1,22671.7,22681.2,8385,7811310,5785,6240,-260,502515,585,5785,7085,1300,22677,22677,22676
Tue Sep 29 2026 13:51:00 GMT+0530 (India Standard Time),22682,22695,22681.4,22695,12610,7810205,6240,6240,130,508755,975,5980,9425,3185,22689,22690,22686
Tue Sep 29 2026 13:52:00 GMT+0530 (India Standard Time),22694,22696.9,22684,22686.2,10855,7815600,-4095,1430,-4420,504660,-5265,65,3380,7475,22691,22691,22691
Tue Sep 29 2026 13:53:00 GMT+0530 (India Standard Time),22685.1,22689.8,22671.2,22683.4,4030,7818135,0,650,-715,504660,-130,195,2015,2015,22683,22685,22681
Tue Sep 29 2026 13:54:00 GMT+0530 (India Standard Time),22679.9,22683.7,22676,22680,7670,7812480,-260,1300,-975,504400,455,-195,3705,3965,22680,22682,22679
Tue Sep 29 2026 13:55:00 GMT+0530 (India Standard Time),22679.2,22682,22671.6,22678.6,7540,7813585,-4160,65,-5135,500240,-4160,910,1690,5850,22676,22676,22676
Tue Sep 29 2026 13:56:00 GMT+0530 (India Standard Time),22678.6,22684.9,22672.4,22681.5,5720,7814365,-520,65,-2470,499720,195,1820,2600,3120,22678,22681,22675
Tue Sep 29 2026 13:57:00 GMT+0530 (India Standard Time),22681.5,22688.6,22680.2,22680.4,6890,7815470,1170,2665,65,500890,650,-1235,4030,2860,22684,22685,22682
Tue Sep 29 2026 13:58:00 GMT+0530 (India Standard Time),22674.5,22682.9,22673.2,22682,11050,7818395,0,130,-2925,500890,455,2210,5525,5525,22678,22680,22677
Tue Sep 29 2026 13:59:00 GMT+0530 (India Standard Time),22682.1,22683.7,22677,22678.6,9100,7816380,260,910,-1105,501150,325,1235,4680,4420,22681,22681,22680
Tue Sep 29 2026 14:00:00 GMT+0530 (India Standard Time),22679.4,22682.6,22663.8,22668.5,7345,7816900,-2145,845,-2145,499005,-2080,-1690,2600,4745,22674,22677,22673
Tue Sep 29 2026 14:01:00 GMT+0530 (India Standard Time),22667.8,22676,22666.1,22672.5,17485,7814105,8385,8775,-260,507390,-195,8450,12935,4550,22670,22670,22670
Tue Sep 29 2026 14:02:00 GMT+0530 (India Standard Time),22672.1,22676.1,22658.2,22671.2,16640,7811505,3510,5980,-650,510900,325,-65,10075,6565,22672,22674,22668
Tue Sep 29 2026 14:03:00 GMT+0530 (India Standard Time),22671.2,22671.5,22663.1,22667.2,21190,7809880,-1950,1950,-5720,508950,-3705,3120,9620,11570,22668,22669,22667
Tue Sep 29 2026 14:04:00 GMT+0530 (India Standard Time),22665.9,22668.9,22660.5,22662.7,24830,7812285,1040,2275,-2535,509990,-715,-975,12935,11895,22665,22665,22664
Tue Sep 29 2026 14:05:00 GMT+0530 (India Standard Time),22663,22681,22660,22678.4,29510,7823270,11440,11895,-65,521430,-260,9685,20475,9035,22668,22669,22666
Tue Sep 29 2026 14:06:00 GMT+0530 (India Standard Time),22677.4,22681.6,22674,22680,5330,7824570,520,1040,-260,521950,-325,520,2925,2405,22678,22678,22678
Tue Sep 29 2026 14:07:00 GMT+0530 (India Standard Time),22677.6,22677.8,22658.4,22675,9490,7826845,-3380,0,-4680,518570,-2925,-455,3055,6435,22670,22673,22668
Tue Sep 29 2026 14:08:00 GMT+0530 (India Standard Time),22661.9,22670,22660,22670,3250,7826650,-390,-65,-910,518180,65,-130,1430,1820,22662,22664,22661
Tue Sep 29 2026 14:09:00 GMT+0530 (India Standard Time),22665.1,22683.7,22663.1,22683.7,5200,7825025,1560,1560,-520,519740,65,2015,3380,1820,22674,22675,22673
Tue Sep 29 2026 14:10:00 GMT+0530 (India Standard Time),22681.8,22690,22677.5,22677.6,5720,7823855,1170,2080,-585,520910,-780,-715,3445,2275,22686,22688,22682
Tue Sep 29 2026 14:11:00 GMT+0530 (India Standard Time),22677.4,22687.9,22676.6,22678,2990,7819955,-1170,325,-1170,519740,-650,-845,910,2080,22679,22681,22678
Tue Sep 29 2026 14:12:00 GMT+0530 (India Standard Time),22677.7,22685,22670.1,22674.1,3900,7819760,-2470,-130,-2990,517270,65,455,715,3185,22676,22676,22676
Tue Sep 29 2026 14:13:00 GMT+0530 (India Standard Time),22673.9,22684,22673.9,22684,6760,7809035,520,520,-1885,517790,1495,585,3640,3120,22679,22682,22676
Tue Sep 29 2026 14:14:00 GMT+0530 (India Standard Time),22685,22689.9,22680.6,22687.9,3055,7808645,-65,390,-585,517725,-325,455,1495,1560,22685,22686,22685
Tue Sep 29 2026 14:15:00 GMT+0530 (India Standard Time),22683.3,22687.9,22675,22680,3185,7807995,1495,1495,-585,519220,1690,1885,2340,845,22679,22680,22678
Tue Sep 29 2026 14:16:00 GMT+0530 (India Standard Time),22680,22685.1,22676.1,22676.1,5915,7809685,1105,1950,65,520325,-455,-65,3510,2405,22680,22682,22678
Tue Sep 29 2026 14:17:00 GMT+0530 (India Standard Time),22676.1,22685,22675.6,22682.2,16705,7815795,-5395,585,-7345,514930,1950,-5070,5655,11050,22680,22681,22679
Tue Sep 29 2026 14:18:00 GMT+0530 (India Standard Time),22683.6,22695,22682.8,22689.6,19175,7807670,14365,14950,0,529295,260,14235,16770,2405,22693,22694,22690
Tue Sep 29 2026 14:19:00 GMT+0530 (India Standard Time),22689.1,22690.4,22685,22685,2535,7807670,-455,585,-455,528840,-390,-195,1040,1495,22688,22690,22687
Tue Sep 29 2026 14:20:00 GMT+0530 (India Standard Time),22682.1,22690,22682.1,22690,6760,7806825,2860,2860,-390,531700,3250,2860,4810,1950,22688,22690,22683
Tue Sep 29 2026 14:21:00 GMT+0530 (India Standard Time),22685,22693.8,22681.6,22685,14365,7802730,3185,5460,-1430,534885,-585,4095,8775,5590,22688,22691,22684
Tue Sep 29 2026 14:22:00 GMT+0530 (India Standard Time),22685,22689.8,22670.9,22670.9,5460,7801430,650,2145,-260,535535,845,-780,3055,2405,22681,22685,22676
Tue Sep 29 2026 14:23:00 GMT+0530 (India Standard Time),22673.4,22673.4,22665,22669.5,2340,7796100,-260,130,-520,535275,-260,65,1040,1300,22669,22670,22668
Tue Sep 29 2026 14:24:00 GMT+0530 (India Standard Time),22663.5,22674.9,22663.5,22665.6,13585,7794605,-3185,650,-5005,532090,325,-3185,5200,8385,22669,22671,22667
Tue Sep 29 2026 14:25:00 GMT+0530 (India Standard Time),22669.1,22675,22664.9,22672.6,6240,7792590,-650,650,-1300,531440,65,-390,2795,3445,22671,22671,22670
Tue Sep 29 2026 14:26:00 GMT+0530 (India Standard Time),22673,22681.1,22672.7,22681.1,8125,7792785,4615,4615,-65,536055,65,4485,6370,1755,22678,22679,22677
Tue Sep 29 2026 14:27:00 GMT+0530 (India Standard Time),22680.1,22684.9,22670,22670,8450,7792915,-520,390,-1495,535535,260,-585,3965,4485,22675,22677,22673
Tue Sep 29 2026 14:28:00 GMT+0530 (India Standard Time),22675,22675,22661.5,22670,12025,7779720,4225,4810,-1365,539760,4225,5070,8125,3900,22671,22673,22665
Tue Sep 29 2026 14:29:00 GMT+0530 (India Standard Time),22668,22677,22668,22676.3,12480,7780175,6500,8060,-390,546260,-845,6825,9490,2990,22675,22675,22672
Tue Sep 29 2026 14:30:00 GMT+0530 (India Standard Time),22677,22695.1,22671.6,22695.1,14690,7780695,10660,10660,65,556920,1690,9750,12675,2015,22684,22685,22678
Tue Sep 29 2026 14:31:00 GMT+0530 (India Standard Time),22697,22710,22695.1,22705,25285,7777770,13195,15015,-585,570115,-1235,12415,19240,6045,22702,22702,22702
Tue Sep 29 2026 14:32:00 GMT+0530 (India Standard Time),22705,22707.6,22699.1,22699.1,6695,7776860,-3965,-65,-3965,566150,-2730,-650,1365,5330,22702,22705,22701
Tue Sep 29 2026 14:33:00 GMT+0530 (India Standard Time),22699.1,22700,22680,22682.1,6565,7765485,-2665,455,-2925,563485,-2470,130,1950,4615,22692,22694,22691
Tue Sep 29 2026 14:34:00 GMT+0530 (India Standard Time),22676,22686.1,22676,22676.8,8515,7765875,-975,-260,-1950,562510,-65,-975,3770,4745,22679,22682,22678
Tue Sep 29 2026 14:35:00 GMT+0530 (India Standard Time),22676.8,22690,22675.1,22690,6435,7752290,2925,2925,-520,565435,260,3055,4680,1755,22682,22683,22679
Tue Sep 29 2026 14:36:00 GMT+0530 (India Standard Time),22686.9,22690,22684.9,22690,6435,7751965,2405,2405,-325,567840,130,585,4420,2015,22688,22689,22686
Tue Sep 29 2026 14:37:00 GMT+0530 (India Standard Time),22690,22690,22682,22687,7735,7751835,2015,2535,-390,569855,2405,-130,4875,2860,22685,22685,22684
Tue Sep 29 2026 14:38:00 GMT+0530 (India Standard Time),22687,22690,22682.2,22686.3,7930,7731165,910,1365,-1105,570765,1105,1105,4420,3510,22687,22687,22686
Tue Sep 29 2026 14:39:00 GMT+0530 (India Standard Time),22686.4,22691.6,22684.8,22687.1,8970,7729865,2080,2600,-1820,572845,-390,3250,5525,3445,22688,22689,22687
Tue Sep 29 2026 14:40:00 GMT+0530 (India Standard Time),22685.5,22693,22684.3,22684.3,5915,7729020,-455,455,-910,572390,-715,-195,2730,3185,22687,22688,22685
Tue Sep 29 2026 14:41:00 GMT+0530 (India Standard Time),22684.2,22696,22684,22692.9,14690,7728890,3120,5460,-585,575510,260,3640,8905,5785,22692,22693,22691
Tue Sep 29 2026 14:42:00 GMT+0530 (India Standard Time),22692.9,22692.9,22676.4,22680,10530,7727135,-3120,-130,-4160,572390,-2860,-910,3705,6825,22682,22683,22681
Tue Sep 29 2026 14:43:00 GMT+0530 (India Standard Time),22679.8,22689.6,22679.7,22680.6,7670,7700095,-1300,845,-1300,571090,-2080,-1040,3185,4485,22684,22686,22683
Tue Sep 29 2026 14:44:00 GMT+0530 (India Standard Time),22680.6,22681,22677.1,22677.1,7930,7699250,-1430,1365,-1430,569660,-2665,-325,3250,4680,22679,22680,22679
Tue Sep 29 2026 14:45:00 GMT+0530 (India Standard Time),22675.6,22677.1,22670,22672.1,8320,7697625,-4810,-325,-4810,564850,-4225,-1625,1755,6565,22673,22675,22673
Tue Sep 29 2026 14:46:00 GMT+0530 (India Standard Time),22678.9,22678.9,22668.6,22672,9815,7697040,3185,3185,-1365,568035,3185,3575,6500,3315,22671,22672,22670
Tue Sep 29 2026 14:47:00 GMT+0530 (India Standard Time),22671.3,22680,22668.9,22674.1,17940,7695220,-4290,-195,-5720,563745,-455,-4095,6825,11115,22673,22675,22671
Tue Sep 29 2026 14:48:00 GMT+0530 (India Standard Time),22673.6,22680,22670.6,22680,8580,7658950,2340,2340,-1950,566085,65,2860,5460,3120,22676,22677,22673
Tue Sep 29 2026 14:49:00 GMT+0530 (India Standard Time),22677.9,22685,22672.5,22676.6,13065,7657260,3315,5590,-260,569400,-2210,-585,8190,4875,22680,22680,22678
Tue Sep 29 2026 14:50:00 GMT+0530 (India Standard Time),22674.1,22679.1,22671.4,22672.6,15145,7654920,-2665,-520,-3835,566735,325,650,6240,8905,22674,22676,22673
Tue Sep 29 2026 14:51:00 GMT+0530 (India Standard Time),22672.9,22685,22671.8,22678.8,20410,7653360,1690,2145,-4680,568425,130,650,11050,9360,22678,22680,22674
Tue Sep 29 2026 14:52:00 GMT+0530 (India Standard Time),22678.7,22688,22676.5,22685.9,18720,7653295,4290,5655,-1105,572715,-1105,4810,11505,7215,22682,22683,22681
Tue Sep 29 2026 14:53:00 GMT+0530 (India Standard Time),22685.9,22690,22685,22690,15340,7641985,6630,6630,-260,579345,650,4225,10985,4355,22688,22689,22685
Tue Sep 29 2026 14:54:00 GMT+0530 (India Standard Time),22685,22692.9,22685,22690,21125,7617805,11635,11765,-1885,590980,130,13325,16380,4745,22689,22690,22687
Tue Sep 29 2026 14:55:00 GMT+0530 (India Standard Time),22687.8,22695,22687.8,22694,15860,7617935,6370,6825,-1170,597350,-260,6370,11115,4745,22692,22693,22689
Tue Sep 29 2026 14:56:00 GMT+0530 (India Standard Time),22694,22694,22690.5,22691,8515,7617350,-195,195,-2470,597155,1560,390,4160,4355,22692,22693,22692
Tue Sep 29 2026 14:57:00 GMT+0530 (India Standard Time),22691,22691.7,22681.4,22685,9945,7616375,-2925,-390,-3770,594230,-390,715,3510,6435,22685,22687,22685
Tue Sep 29 2026 14:58:00 GMT+0530 (India Standard Time),22685,22688,22679,22683,9360,7615270,260,2145,130,594490,-325,-260,4810,4550,22682,22684,22681
Tue Sep 29 2026 14:59:00 GMT+0530 (India Standard Time),22683,22684,22675.5,22683,12220,7570810,-1950,1235,-2795,592540,-2860,260,5135,7085,22681,22682,22681
Tue Sep 29 2026 15:00:00 GMT+0530 (India Standard Time),22673.9,22687.1,22673.5,22682.3,149435,7670065,128115,133380,-1170,720655,-1885,128310,138775,10660,22684,22684,22679
Tue Sep 29 2026 15:01:00 GMT+0530 (India Standard Time),22681.2,22681.2,22658,22667,18135,7665905,325,2275,-2015,720980,1105,-65,9230,8905,22670,22671,22669
Tue Sep 29 2026 15:02:00 GMT+0530 (India Standard Time),22665,22668,22658,22665.1,19305,7661875,-715,585,-2535,720265,-130,455,9295,10010,22665,22665,22664
Tue Sep 29 2026 15:03:00 GMT+0530 (India Standard Time),22665,22668,22660.2,22668,22555,7656805,8775,8775,-910,729040,585,9555,15665,6890,22667,22667,22665
Tue Sep 29 2026 15:04:00 GMT+0530 (India Standard Time),22668,22668,22656.5,22660,12610,7650045,-1040,585,-1755,728000,-1430,-390,5785,6825,22663,22665,22662
Tue Sep 29 2026 15:05:00 GMT+0530 (India Standard Time),22665,22679.9,22663,22679.9,31070,7644910,21190,21775,130,749190,195,20735,26130,4940,22671,22670,22672
Tue Sep 29 2026 15:06:00 GMT+0530 (India Standard Time),22677.8,22687,22675,22684.4,20995,7631000,10465,11830,-845,759655,1300,10985,15730,5265,22682,22683,22681
Tue Sep 29 2026 15:07:00 GMT+0530 (India Standard Time),22686.2,22686.2,22679.3,22683.1,13325,7627750,5785,6630,455,765440,4550,2600,9555,3770,22683,22683,22681
Tue Sep 29 2026 15:08:00 GMT+0530 (India Standard Time),22685,22690,22680.5,22685,23725,7508085,7865,9750,130,773305,715,2470,15795,7930,22687,22687,22685
Tue Sep 29 2026 15:09:00 GMT+0530 (India Standard Time),22685,22695,22681.7,22691.2,25415,7507045,11765,13130,-1235,785070,1040,11700,18590,6825,22688,22689,22685
Tue Sep 29 2026 15:10:00 GMT+0530 (India Standard Time),22690.9,22714,22690.9,22708,40495,7495020,21775,24635,-780,806845,-2015,21775,31135,9360,22704,22703,22706
Tue Sep 29 2026 15:11:00 GMT+0530 (India Standard Time),22707,22708.1,22700,22708,17290,7492290,-4030,-390,-6240,802815,-3380,1560,6630,10660,22706,22706,22706
Tue Sep 29 2026 15:12:00 GMT+0530 (India Standard Time),22706.4,22706.4,22693.2,22693.9,8645,7490730,-1885,-195,-2210,800930,-1885,-650,3380,5265,22698,22698,22697
Tue Sep 29 2026 15:13:00 GMT+0530 (India Standard Time),22694.2,22700,22693.8,22698,17485,7488585,-195,1365,-1430,800735,910,-910,8645,8840,22697,22698,22696
Tue Sep 29 2026 15:14:00 GMT+0530 (India Standard Time),22700,22700,22691,22695,15340,7489170,4160,5655,1235,804895,2925,1690,9750,5590,22696,22697,22694
Tue Sep 29 2026 15:15:00 GMT+0530 (India Standard Time),22694.1,22696,22675.8,22681.2,33800,7472920,5200,8060,-650,810095,4680,2600,19500,14300,22689,22691,22686
Tue Sep 29 2026 15:16:00 GMT+0530 (India Standard Time),22681.2,22704,22681.2,22704,86840,7463235,35620,35685,-11375,845715,195,35620,61230,25610,22696,22697,22693
Tue Sep 29 2026 15:17:00 GMT+0530 (India Standard Time),22703.9,22704,22694.6,22694.6,53820,7448155,33280,38220,-1625,878995,-1690,-520,43550,10270,22704,22704,22702
Tue Sep 29 2026 15:18:00 GMT+0530 (India Standard Time),22698,22703,22687.2,22699,12805,7448155,2405,2405,0,881400,975,1950,7605,5200,22697,22698,22695
Tue Sep 29 2026 15:19:00 GMT+0530 (India Standard Time),22698.2,22698.2,22671.9,22682,18590,7445880,-390,2210,-2990,881010,-390,-975,9100,9490,22683,22686,22680
Tue Sep 29 2026 15:20:00 GMT+0530 (India Standard Time),22675.1,22680.7,22629,22645,98410,7441330,-28860,-8385,-39585,852150,3965,715,34775,63635,22655,22654,22656
Tue Sep 29 2026 15:21:00 GMT+0530 (India Standard Time),22645,22647,22622.3,22626.1,16380,7443995,-1430,2600,-1950,850720,-3510,-130,7475,8905,22632,22636,22628
Tue Sep 29 2026 15:22:00 GMT+0530 (India Standard Time),22626,22627.1,22616,22623.2,16120,7411300,-1170,2080,-1430,849550,-1235,-1495,7475,8645,22622,22624,22620
Tue Sep 29 2026 15:23:00 GMT+0530 (India Standard Time),22630,22640,22625.4,22640,12935,7404085,3055,3055,-195,852605,1625,3055,7995,4940,22633,22634,22630
Tue Sep 29 2026 15:24:00 GMT+0530 (India Standard Time),22635.5,22649.9,22630.4,22643.4,22815,7401030,8385,8385,-1105,860990,3055,8775,15600,7215,22642,22644,22636
Tue Sep 29 2026 15:25:00 GMT+0530 (India Standard Time),22648.5,22683.5,22648.5,22680,22750,7398430,11960,11960,585,872950,3315,11375,17355,5395,22669,22668,22672
Tue Sep 29 2026 15:26:00 GMT+0530 (India Standard Time),22680,22685,22672.5,22678.1,19565,7380360,3315,5720,2730,876265,-1495,-2080,11440,8125,22680,22682,22678
Tue Sep 29 2026 15:27:00 GMT+0530 (India Standard Time),22680,22708,22680,22702.2,34255,7375420,23855,25025,130,900120,-260,23725,29055,5200,22696,22695,22696
Tue Sep 29 2026 15:28:00 GMT+0530 (India Standard Time),22702.2,22714,22700,22710.4,36010,7369310,26130,27170,-1040,926250,-195,26585,31070,4940,22707,22707,22707
Tue Sep 29 2026 15:29:00 GMT+0530 (India Standard Time),22709.9,22715,22709.9,22714.3,15860,7151885,3120,3575,-1170,929370,130,4225,9490,6370,22714,22714,22713
Tue Sep 29 2026 15:30:00 GMT+0530 (India Standard Time),22716,22716,22713.8,22714.2,20345,7146360,-195,845,-2795,929175,-195,-260,10075,10270,22714,22715,22714
Tue Sep 29 2026 15:31:00 GMT+0530 (India Standard Time),22714.2,22714.7,22714,22714.4,13520,7144150,-4550,1365,-5915,924625,-5200,780,4485,9035,22714,22714,22714
Tue Sep 29 2026 15:32:00 GMT+0530 (India Standard Time),22714.1,22714.7,22714,22714.7,16575,7133295,-3575,455,-5330,921050,260,-3640,6500,10075,22714,22714,22714
Tue Sep 29 2026 15:33:00 GMT+0530 (India Standard Time),22714.3,22715,22714.2,22714.8,9230,7134010,-780,130,-2340,920270,-390,585,4225,5005,22714,22715,22714
Tue Sep 29 2026 15:34:00 GMT+0530 (India Standard Time),22714.4,22715,22714.2,22715,11960,7132905,1560,1560,-1690,921830,65,1755,6760,5200,22715,22715,22714
Tue Sep 29 2026 15:35:00 GMT+0530 (India Standard Time),22714.2,22714.8,22714.2,22714.3,10920,7130760,-1430,390,-3315,920400,-1170,1105,4745,6175,22714,22714,22714
Tue Sep 29 2026 15:36:00 GMT+0530 (India Standard Time),22714.3,22714.9,22714.2,22714.2,10465,7131865,-4095,2080,-4095,916305,-5785,-65,3185,7280,22714,22715,22714
Tue Sep 29 2026 15:37:00 GMT+0530 (India Standard Time),22714.2,22714.8,22714.2,22714.3,7410,7120685,-2470,1430,-2470,913835,-3510,-1820,2470,4940,22714,22715,22714
Tue Sep 29 2026 15:38:00 GMT+0530 (India Standard Time),22714.5,22715.1,22714.2,22714.3,6695,7120880,2535,2535,-975,916370,2860,130,4615,2080,22715,22715,22714
Tue Sep 29 2026 15:39:00 GMT+0530 (India Standard Time),22715,22715.2,22714,22715.2,9880,7120295,260,975,-2990,916630,325,3185,5070,4810,22714,22715,22714
